{"trainer/global_step":299,"_timestamp":1.7634173488860595e+09,"_step":5,"train_loss_step":0.690697968006134,"_wandb":{"runtime":10},"_runtime":10,"epoch":0}