{"_timestamp":1.7634161595414615e+09,"val_loss":0.6909562349319458,"train_loss_epoch":0.6930217742919922,"train_loss_step":0.6960616707801819,"_runtime":37,"val_acc":0.524399995803833,"_wandb":{"runtime":37},"train_acc":0.5116571187973022,"epoch":0,"_step":22,"trainer/global_step":1093}