{"_wandb":{"runtime":578},"_step":140,"train_loss_step":-0.5613132119178772,"train_loss_epoch":-0.5017588138580322,"val_loss":-0.5018464922904968,"val_acc":0.5018666386604309,"train_acc":0.5018285512924194,"_runtime":578,"trainer/global_step":6549,"epoch":5,"_timestamp":1.763414586784357e+09}