{"_step":23,"_wandb":{"runtime":39},"_runtime":39,"train_loss_step":0.6960616707801819,"epoch":1,"test_acc":0.5324000120162964,"test_TP":3024,"test_loss":0.6898615956306458,"_timestamp":1.763417227012174e+09,"train_loss_epoch":0.6930217742919922,"val_loss":0.6909562349319458,"val_acc":0.524399995803833,"test_TN":969,"trainer/global_step":1094,"train_acc":0.5116571187973022,"test_FP":2744,"test_FN":763}