{"_timestamp":1.7634136768589058e+09,"_wandb":{"runtime":73},"_runtime":73,"_step":18,"train_loss_step":-0.5264983773231506,"epoch":0,"trainer/global_step":949}