{"train_loss_step":0.6960616707801819,"train_acc":0.5116571187973022,"_runtime":32,"_wandb":{"runtime":32},"trainer/global_step":1093,"val_acc":0.524399995803833,"_timestamp":1.7634156593623106e+09,"train_loss_epoch":0.6930217742919922,"epoch":0,"_step":22,"val_loss":0.6909562349319458}