{"val_acc":0.524399995803833,"test_cm_1_1":3024,"train_loss_epoch":0.6930217742919922,"_timestamp":1.7634165528852494e+09,"test_cm_1_0":763,"trainer/global_step":1094,"_step":23,"train_acc":0.5116571187973022,"test_acc":0.5324000120162964,"test_loss":0.6898615956306458,"val_loss":0.6909562349319458,"_wandb":{"runtime":39},"train_loss_step":0.6960616707801819,"epoch":1,"test_cm_0_1":2744,"_runtime":39,"test_cm_0_0":969}