{"_timestamp":1.763498275189656e+09,"_step":524,"train_loss_epoch":0.1723312884569168,"trainer/global_step":24067,"train_loss_step":0.14516574144363403,"val_acc":0.8691999912261963,"val_loss":0.3486657440662384,"train_acc":0.9346285462379456,"epoch":21,"_wandb":{"runtime":792},"_runtime":792}