{"_step":13,"train_loss_step":-0.4761916399002075,"epoch":0,"trainer/global_step":699,"_wandb":{"runtime":52},"_runtime":52,"_timestamp":1.7634128761687875e+09}