{"_runtime":77,"_timestamp":1.7634135962490265e+09,"_step":18,"train_loss_step":-0.5264983773231506,"epoch":0,"trainer/global_step":949,"_wandb":{"runtime":77}}