{"val_acc":0.524399995803833,"_step":23,"epoch":1,"train_acc":0.5116571187973022,"_wandb":{"runtime":38},"test_TN":969,"test_loss":0.6898615956306458,"test_FP":2744,"test_FN":763,"_runtime":38,"trainer/global_step":1094,"test_TP":3024,"test_acc":0.5324000120162964,"train_loss_step":0.6960616707801819,"val_loss":0.6909562349319458,"_timestamp":1.7634170836596458e+09,"train_loss_epoch":0.6930217742919922}